{"schemaVersion":"1.0","appDefinitionTemplate":{"id":"/providers/Microsoft.PowerApps/apps/","type":"Microsoft.PowerApps/apps","tags":{"primaryDeviceWidth":"640","primaryDeviceHeight":"1136","sienaVersion":"20210411T133352Z-3.21035.34.0","deviceCapabilities":"location","supportsPortrait":"true","supportsLandscape":"false","primaryFormFactor":"Phone","publisherVersion":"3.21035.34","minimumRequiredApiVersion":"2.2.0","hasComponent":"false","hasUnlockedComponent":"false","isUnifiedRootApp":"false"},"properties":{"appVersion":"2021-04-11T13:33:52Z","lifeCycleId":"Published","createdByClientVersion":{"major":3,"minor":21035,"build":34,"revision":0,"majorRevision":0,"minorRevision":0},"minClientVersion":{"major":3,"minor":21035,"build":34,"revision":0,"majorRevision":0,"minorRevision":0},"backgroundColor":"rgba(105, 180, 69, 1)","backgroundImageUri":"/14407973213075259347/Nf3c2992b-be93-445f-8653-33cd9a052f5f-logoSmallFile","displayName":"MyMileage","description":"","commitMessage":"","appUris":{"documentUri":{"value":"/14407973213075259347/N9431bf94-9448-401d-88f8-b35f1dd64a2e-document.msapp"},"imageUris":[]},"createdTime":"0001-01-01T00:00:00Z","lastModifiedTime":"0001-01-01T00:00:00Z","sharedGroupsCount":0,"sharedUsersCount":0,"icons":{"smallIconUri":"/14407973213075259347/N90445531-8e3b-45a1-8e5c-3e82b590475d-small.png","mediumIconUri":"/14407973213075259347/N95b79e3c-701a-46d1-8377-b1bdb6ee8df7-medium.png","largeIconUri":"/14407973213075259347/N78137d1f-a2b3-42b6-88b3-3fba5d07c876-large.png","wideIconUri":"/14407973213075259347/Ne855a394-9548-4d72-a29a-aafd9ae3b311-wide.png"},"connectionReferences":{"adbf7249-0c66-42fb-9715-5845b7991fb1":{"id":"163f3ff0-d79a-45c9-8a11-6baee8e55bcf","displayName":"Excel","iconUri":"https://connectoricons-prod.azureedge.net/releases/v1.0.1440/1.0.1440.2331/excel/icon.png","dataSources":["Table1","Table1_1"],"dependencies":["5860c94f-9693-4db7-ac11-b3354bbb14b3"],"dependents":[],"parameterHints":{"5860c94f-9693-4db7-ac11-b3354bbb14b3":{"value":"fileSource"}},"isOnPremiseConnection":false,"bypassConsent":false,"dataSets":{"b!g1qte16a7kyqU9WVPFXLqZBJ2yR85J5Pk1qbJSlvp3cVF7tugOKNQ4tiU13eBtOa.014XJQBV7GFXFJ5PQ5FNAKEXL56SFINNGN":{"dataSources":{"Table1":{"tableName":"Table1"},"Table1_1":{"tableName":"Table1"}}}},"apiTier":"Standard","isCustomApiConnection":false},"5860c94f-9693-4db7-ac11-b3354bbb14b3":{"id":"e2b5d2b8-bdd3-4f50-bb3e-bb9e44b230fa","displayName":"OneDrive for Business","iconUri":"https://connectoricons-prod.azureedge.net/releases/v1.0.1439/1.0.1439.2325/onedriveforbusiness/icon.png","dataSources":[],"dependencies":[],"dependents":["adbf7249-0c66-42fb-9715-5845b7991fb1"],"parameterHints":{},"isOnPremiseConnection":false,"bypassConsent":false,"dataSets":{},"apiTier":"Standard","isCustomApiConnection":false},"45b21674-fe58-4614-9239-f0fe65a56e47":{"id":"50e8b603-8b7d-4be7-a89f-e1281350d755","displayName":"Spatial Services","iconUri":"https://connectoricons-prod.azureedge.net/releases/v1.0.1444/1.0.1444.2346/microsoftspatialservices/icon.png","dataSources":["SpatialServices"],"dependencies":[],"dependents":[],"parameterHints":{},"isOnPremiseConnection":false,"bypassConsent":false,"dataSets":{},"apiTier":"Premium","isCustomApiConnection":false},"89e4363c-7a68-45c3-851b-b79e39aad62d":{"id":"b5affb34-6ea6-449c-9554-9fa391f722b4","displayName":"Bing Maps","iconUri":"https://connectoricons-prod.azureedge.net/releases/v1.0.1371/1.0.1371.2074/bingmaps/icon.png","dataSources":["BingMaps"],"dependencies":[],"dependents":[],"parameterHints":{},"isOnPremiseConnection":false,"sharedConnectionId":"e846c163-323e-4325-adb3-7aa2b775356f","bypassConsent":false,"dataSets":{},"apiTier":"Standard","isCustomApiConnection":false,"actions":["GetRoute"]}},"databaseReferences":{"default.cds":{"databaseDetails":{"referenceType":"Environmental","environmentName":"default.cds"},"dataSources":{"Organizations":{"entitySetName":"organizations","logicalName":"organization"}}}},"almMode":"Environment","performanceOptimizationEnabled":true,"canConsumeAppPass":true,"executionRestrictions":{"isTeamsOnly":false,"dataLossPreventionEvaluationResult":{"status":"Compliant","lastEvaluationDate":"2021-04-10T05:57:31.4671203Z","violationDetails":[]}}},"isAppComponentLibrary":false,"appType":"ClassicCanvasApp","appComponents":[]}}